"","var","importance"
"1","Bio09_worldclim",13.9443708068151
"2","Bio08_worldclim",12.7474876980258
"3","Bio02_worldclim",10.3142352313889
"4","Bio01_worldclim",10.2294747301531
"5","mh21",9.78900364284341
"6","Bio03_worldclim",9.28468036270691
"9","dh1",3.27332402480228
